"ID","Description","setSize","enrichmentScore","NES","pvalue","p.adjust","qvalue","rank","leading_edge","core_enrichment"
"hsa04110","Cell cycle",155,0.608479156449864,2.66958991011462,6.01787304668625e-20,2.13032705852693e-17,1.5773161985525e-17,2647,"tags=45%, list=14%, signal=39%","CCNE1/SKP2/CDKN2A/CDC20/TTK/ORC1/NDC80/CHEK1/CDC25A/E2F3/TICRR/AURKB/MCM7/PLK1/BUB1/CCNB2/E2F2/TRIP13/DBF4/MCM5/MCM6/CCNA2/MCM3/CHEK2/HDAC2/CDC45/FBXO5/SGO1/ORC6/MCM4/CDC7/SMC1B/TFDP1/CDCA5/PTTG1/CDC25B/CDK6/CCNA1/MTBP/CDT1/MAD2L1/RBL1/CDKN2C/MCM2/YWHAQ/CDK1/BUB1B/CCNB1/E2F1/SFN/E2F5/DDX11/PCNA/E2F4/KNL1/CUL1/ESPL1/CDK2/CDC25C/PRKDC/CDC6/MAD2L2/MYC/CCNE2/CDK4/CDKN2D/PPP2R5D/YWHAZ/ORC3"
"hsa03008","Ribosome biogenesis in eukaryotes",75,0.632092609382571,2.46471672660808,2.2011456662368e-11,3.89602782923914e-09,2.88465932048929e-09,4749,"tags=65%, list=25%, signal=49%","RIOK1/GTPBP4/DKC1/POP1/UTP4/WDR43/NOP58/RBM28/GNL2/TCOF1/RPP40/MPHOSPH10/BMS1/CSNK2A2/RPP38/FBL/UTP6/WDR3/RPP25/NOB1/GAR1/XPO1/REXO2/RAN/EMG1/RCL1/UTP14A/NXT1/NOP56/POP7/NXT2/POP4/NAT10/GNL3L/WDR75/RRP7A/MDN1/IMP4/HEATR1/CSNK2B/SNU13/NOP10/DROSHA/NOL6/LSG1/RPP30/LOC102724159/GNL3/EIF6"
"hsa03040","Spliceosome",146,0.489530292227148,2.1291456070825,1.18417805430666e-09,1.39733010408186e-07,1.0345976684995e-07,5113,"tags=51%, list=27%, signal=37%","RBM17/MAGOH/SF3A3/PHF5A/SNRPA1/SF3B3/LSM2/ALYREF/SF3B6/LSM6/THOC5/SNRPG/SNRPD1/USP39/MAGOHB/PRPF38A/TRA2B/SRSF3/PPIL1/SNRPC/PRPF18/BUD13/SMNDC1/CDC5L/SNRPA/PRPF3/ISY1/PUF60/DHX38/RP9/U2SURP/SRSF2/HNRNPA3/PPIH/SRSF7/PLRG1/BUD31/DHX16/SRSF4/SNRPF/CWC15/RBM8A/PPIE/LSM4/SF3B4/SF3B5/SNU13/TXNL4A/SNRNP40/NCBP2/EFTUD2/SRSF1/RBMX2/HSPA6/TCERG1/PQBP1/SRSF10/THOC3/BCAS2/LSM7/NCBP1/SNRPB2/SNRPD2/SNRPD3/PRPF40A/THOC7/THOC1/RNU6-8/U2AF1L4/EIF4A3/SNRPB/SNRPE/RBMX/CHERP"
"hsa03013","Nucleocytoplasmic transport",104,0.529512417803213,2.17797363556145,8.12311209482231e-09,7.18895420391774e-07,5.3227760831862e-07,4846,"tags=56%, list=26%, signal=42%","XPO5/NUP93/MAGOH/ALYREF/SEH1L/UPF3B/THOC5/KPNA2/MAGOHB/NUP205/UPF2/XPOT/NUP160/KPNA4/DDX19A/NDC1/SUMO3/IPO5/XPO1/RAN/SEC13/NUP155/NUP85/NUP62/TNPO3/NXT1/RANGAP1/NXT2/NUP88/NUP153/NUP37/NUP54/IPO13/NUP50/RBM8A/CSE1L/SUMO1/AHCTF1/TNPO2/SUMO2/XPO6/KPNA3/DDX19B/NUP35/NCBP2/IPO9/RANBP17/NUP107/THOC3/NCBP1/SRRM1/THOC7/NUP188/XPO7/THOC1/NUP210/POM121C/EIF4A3"
"hsa04382","Cornified envelope formation",144,0.452953266869944,1.96603114163266,1.98448327199913e-07,1.40501415657539e-05,1.04028702047954e-05,2717,"tags=34%, list=14%, signal=29%","KRT16/KRT83/PADI2/TGM1/CLDN16/KRT86/KRT79/KRT6B/DSG1/EPHX3/S100A8/ELOVL4/PKP1/S100A2/CLDN10/KRT81/DSG3/KRT6C/CERS3/ST14/S100A1/CLDN23/CLDN9/CLDN1/ELOVL1/TGM5/KRT6A/KRT5/S100A10/KRT23/S100A3/KRT17/S100A11/ITGA6/S100A6/COL4A4/KRT14/IVL/S100A5/S100A9/S100A4/CASP14/LAMC2/PPP2R5D/ITGB4/DSG2/TMEM79/COL4A3/LAMB3"
"hsa03030","DNA replication",34,0.654205819754366,2.17672313396156,1.66738456491478e-06,8.92278582914415e-05,6.60652296002645e-05,3748,"tags=65%, list=20%, signal=52%","RFC4/MCM7/PRIM2/MCM5/MCM6/MCM3/MCM4/RFC2/DNA2/MCM2/FEN1/POLD1/RFC3/PCNA/RNASEH1/SSBP1/RPA1/POLE2/POLE3/RFC5/POLA2/POLE"
"hsa05169","Epstein-Barr virus infection",185,0.414925223477655,1.86429114361687,1.76439267807935e-06,8.92278582914415e-05,6.60652296002645e-05,4728,"tags=40%, list=25%, signal=30%","CCNE1/SKP2/E2F3/E2F2/CCNA2/HDAC2/IRAK1/LYN/CDK6/CCNA1/TAP2/IFNAR2/BAK1/PLCG2/CXCL10/RUNX3/E2F1/NFKBIE/BID/PSMD2/CALR/TAP1/SEM1/ICAM1/PSMD14/PSMD7/HLA-DOB/PSMC2/SAP30/CYCS/CDK2/TNF/CD58/RELB/HLA-F/MAP2K3/MYC/CCNE2/CDK4/TLR2/PSMD11/PSMC4/NFKB2/NFKBIB/IKBKE/PSMC3/CD40/FAS/ADRM1/PIK3CD/CCND3/PSMD4/VIM/HLA-A/TAPBP/MAPK14/MYD88/MAPK12/PSMD1/CASP3/AKT3/PSMD8/HLA-G/TAPBPL/EIF2AK2/JAK3/PSMD12/HDAC1/STAT1/HLA-B/MAP3K7/TNFAIP3/PSMD13/BAX"
"hsa04218","Cellular senescence",151,0.420824454085828,1.83857758120371,8.17254655683625e-06,0.000361635185140004,0.000267758433243714,4657,"tags=40%, list=25%, signal=31%","CCNE1/CDKN2A/CHEK1/FOXM1/CDC25A/E2F3/MRAS/CCNB2/E2F2/CCNA2/CHEK2/RHEB/MYBL2/PPP1CB/CDK6/LIN9/CCNA1/TRPV4/RBL1/CDK1/PPP3R1/CCNB1/E2F1/E2F5/E2F4/IL1A/RRAS2/CDK2/SLC25A5/KIR2DL4/HLA-F/MAP2K3/MYC/CXCL8/CCNE2/EIF4EBP1/CDK4/NRAS/ITPR3/CDKN2B/IGFBP3/PIK3CD/CCND3/CALML5/HLA-A/VDAC3/MAPK14/MAPK12/MAP2K1/AKT3/CCNB3/HLA-G/MRE11/RAD1/NFATC1/TRAF3IP2/PPP1CC/VDAC2/HLA-B/CALM2/LIN37"
"hsa03050","Proteasome",44,0.588878394416295,2.08832653589475,1.54655583966782e-05,0.000505231923544599,0.000374078944283691,5641,"tags=68%, list=30%, signal=48%","PSME4/PSMB2/PSMB4/PSMD2/SEM1/PSMD14/PSMD7/PSMC2/PSMA7/IFNG/PSMD11/PSMA4/PSMC4/PSMB9/PSMC3/ADRM1/PSMA5/PSMD4/PSMB5/PSMD1/PSMB7/PSMD8/PSMB1/PSMD12/PSMD13/PSMA1/PSMB8/PSMB6/POMP/PSMA3"
"hsa05206","MicroRNAs in cancer",158,0.406320588422408,1.78948957385339,1.30386407533568e-05,0.000505231923544599,0.000374078944283691,2392,"tags=26%, list=13%, signal=23%","CCNE1/CDKN2A/FSCN1/CDC25A/E2F3/STMN1/EZH2/E2F2/HDAC2/GLS/DNMT3B/KIF23/NOTCH1/CDCA5/CDC25B/CDK6/SHC4/EGFR/DNMT3A/PTGS2/SERPINB5/PIM1/BAK1/PLCG2/E2F1/HMGA2/DNMT1/ST14/PRKCA/MET/IGF2BP1/EFNA5/SLC45A3/SOS1/SLC7A1/RDX/CDC25C/MYC/CCNE2/CYP1B1/VEGFA"
"hsa03010","Ribosome",169,0.401863585959122,1.7828707166759,1.56992970592954e-05,0.000505231923544599,0.000374078944283691,7601,"tags=56%, list=40%, signal=34%","MRPS5/MRPL15/MRPL37/MRPL9/MRPS9/RPS7/MRPL47/MRPS24/MRPS22/MRPL39/MRPL3/MRPL11/MRPS10/RPL39L/PTCD3/RPS27A/MRPL2/MRPL4/MRPS12/RPL22L1/MRPS25/MRPS18A/MRPS15/MRPL51/RPS19/MRPL14/MRPL1/MRPL19/RPS20/MRPL36/MRPL16/RPS16/MRPL18/MRPL13/RPL17/MRPL48/RPL30/RPS12/MRPS6/DAP3/MRPS21/RPL35A/RPL39/MRPL33/RPL5/RPL18A/RPS10/RPL38/UBA52/MRPL12/RPL8/RPS18/RPL7/RPL37/RPSA/RPS6/RPS21/RPL27A/RPS25/MRPS18C/RPLP2/RPS8/MRPS17/RPS17/MRPL17/RPL13/MRPS2/RPL4/MRPL34/MRPS7/RPL24/GADD45GIP1/RPL36/RPL32/RPS24/MRPL58/MRPL42/RPL35/MRPS18B/MRPS11/RPLP0/RPS2/MRPS35/RPL37A/RPS3/RPS27/RPS28/AURKAIP1/MRPL52/RPL6/RPL3L/RPL26L1/RPL27/FAU"
"hsa04650","Natural killer cell mediated cytotoxicity",99,0.455049237610657,1.84899319472656,3.76132395485335e-05,0.00102423744616776,0.000758356003853023,7404,"tags=68%, list=39%, signal=42%","ULBP3/ULBP1/RAET1L/ULBP2/SHC4/IFNAR2/PLCG2/PPP3R1/PRKCA/BID/ICAM1/SOS1/TNF/GZMB/KIR2DL4/SHC3/IFNG/SH3BP2/NRAS/PRF1/FAS/IFNGR1/FYN/PIK3CD/RAET1G/HLA-A/CASP3/MAP2K1/RAC3/FASLG/KLRD1/HLA-G/PLCG1/SH2D1B/CD244/NFATC1/HLA-B/FCER1G/TNFRSF10A/SYK/ITGB2/KLRC1/IFNGR2/HLA-E/KIR3DL2/LCK/TNFRSF10B/ICAM2/LCP2/CD247/HLA-C/MAP2K2/PIK3CB/PIK3CA/SH2D1A/ZAP70/FCGR3A/NCR3/MAPK1/RAC2/KLRC4-KLRK1/KLRK1/KRAS/PTPN11/VAV1/RAF1/HRAS"
"hsa04081","Hormone signaling",149,-0.359078998209111,-1.71753544864534,3.73892551550111e-05,0.00102423744616776,0.000758356003853023,3396,"tags=32%, list=18%, signal=26%","DRD1/SLC16A2/ADRA2C/LEPR/LEP/SSTR1/GNG11/CGA/PRKG1/UCN/ADCY4/GHR/PRKACB/SMAD5/CALCR/RAPGEF4/RAMP1/GNG13/VIPR2/DIO1/GPER1/PTHLH/AVPR2/SSTR2/RAMP3/RAMP2/THRB/ADRA2A/ADCY6/IGF1R/EPOR/VIPR1/IRS1/ADCY5/PRLR/GHRH/GIPR/GNA14/RAPGEF3/ADCY9/ADCY1/BMPR1B/SLC40A1/TRH/AGTR1/THPO/ESR1"
"hsa04612","Antigen processing and presentation",64,0.498581076890455,1.89137016325497,9.10077214767786e-05,0.00207262659818417,0.00153459418063592,7455,"tags=81%, list=39%, signal=50%","TAP2/CALR/TAP1/HLA-DOB/NFYA/TNF/NFYC/KIR2DL4/HLA-F/IFNG/HSP90AB1/CTSS/LGMN/RFX5/HLA-A/TAPBP/RFXAP/CTSL/CD8B2/HSPA6/KLRD1/HLA-G/TAPBPL/HLA-B/CIITA/CTSB/IFI30/KLRC1/CD8B/HSPA5/HLA-E/KIR3DL2/HLA-DQA1/HLA-C/CD4/PDIA3/HLA-DRA/HSP90AA1/HLA-DMA/PSME3/B2M/HLA-DRB1/HSPA8/HLA-DQB1/RFXANK/HLA-DQA2/HLA-DOA/HLA-DRB5/CD8A/HLA-DMB/HSPA1B/PSME2"
"hsa03015","mRNA surveillance pathway",90,0.448290234669105,1.79648533725294,9.36780383360078e-05,0.00207262659818417,0.00153459418063592,4846,"tags=46%, list=26%, signal=34%","MAGOH/PPP1CB/SMG5/ALYREF/UPF3B/CPSF3/MAGOHB/PABPC4/PABPC4L/UPF2/PABPC1/DDX19A/CSTF3/RNGTT/PABPC3/DAZAP1/CLP1/CPSF4L/NXT1/CPSF4/PPP2R5D/SSU72/NXT2/HBS1L/RBM8A/WDR33/NUDT21/PPP2R3A/TARDBP/MSI1/DDX19B/PAPOLG/CPSF1/PPP2R3C/NCBP2/FIP1L1/NCBP1/SRRM1/PPP1CC/RNMT/EIF4A3"
"hsa05168","Herpes simplex virus 1 infection",159,0.381639234594525,1.68083064422903,9.30571885320777e-05,0.00207262659818417,0.00153459418063592,6646,"tags=52%, list=35%, signal=34%","SRPK1/CGAS/IRAK1/RHEB/PPP1CB/TAP2/IFNAR2/ALYREF/BAK1/BID/CALR/NECTIN1/TAP1/PML/SRSF3/HLA-DOB/EIF2B3/CYCS/TNF/IFIH1/HLA-F/EIF4EBP1/SRSF2/SRSF7/IFNG/TLR2/CARD9/BIRC2/SRSF4/IL12A/IKBKE/FAS/IFNGR1/PIK3CD/CCL5/SRC/HLA-A/TAPBP/MYD88/CASP3/SRSF1/AKT3/FASLG/HCFC1/HLA-G/TAPBPL/EIF2AK2/TNFSF14/PPP1CC/STAT1/HLA-B/BIRC3/MAP3K7/BAX/EIF2B1/PILRA/SYK/LTA/CCL2/C3/IFNGR2/HLA-E/POU2F2/EIF2S1/TRAF2/IL1B/HLA-DQA1/DAXX/POU2F3/TNFRSF1A/RELA/HLA-C/PDIA3/HLA-DRA/TICAM1/HLA-DMA/PIK3CB/TRAF3/B2M/TP53/PIK3CA/HLA-DRB1/STAT2"
"hsa00601","Glycosphingolipid biosynthesis - lacto and neolacto series",27,0.625804830789725,1.96030526276487,0.000118710485702791,0.00247197129051695,0.00183027312321951,1837,"tags=33%, list=10%, signal=30%","B3GNT5/ST3GAL6/ST8SIA1/B3GNT4/GCNT2/B4GALT2/FUT4/ST3GAL4/B3GNT3"
"hsa00970","Aminoacyl-tRNA biosynthesis",44,0.546629624953333,1.93850065127241,0.000150859999357258,0.00296691332069274,0.00219673332397411,5452,"tags=57%, list=29%, signal=41%","YARS1/KARS1/WARS1/GARS1/VARS1/TARS1/FARSB/AARS1/YARS2/EPRS1/DARS1/AARS2/PARS2/MARS1/MARS2/QRSL1/CARS2/IARS1/RARS2/CARS1/FARSA/PSTK/SARS2/NARS1/DARS2"
"hsa05020","Prion disease",257,0.341514331799224,1.59606564246426,0.00019035842279353,0.00354667798257419,0.00262599707898,6958,"tags=54%, list=37%, signal=35%","UQCRH/TUBB/PSMB2/NOTCH1/TUBA1C/UQCRHL/ATP5F1C/TUBB6/RYR1/PPP3R1/PRNP/CSNK2A2/PSMB4/TUBB4A/CREB3L2/PSMD2/COXFA4L2/SEM1/IL1A/RYR3/PSMD14/PSMD7/TUBA4A/ATP5MC3/TUBB2B/PSMC2/CYCS/NDUFS5/TNF/GRIN2B/NDUFA9/SLC25A5/ATF4/TUBA1B/CACNA1B/COX5A/NDUFB9/PSMA7/STIP1/GRIN2A/C8G/CREB5/PSMD11/PSMA4/CYC1/PSMC4/GRIN2D/UQCRFS1/PSMC3/ITPR3/COX7B/FYN/ADRM1/PIK3CD/PSMA5/TUBB3/PSMD4/PSMB5/CSNK2B/CCL5/COX4I1/UQCRB/CYBA/VDAC3/MAPK14/KLC3/MAPK12/PSMD1/CAV2/CASP3/PSMB7/PSMD8/HSPA6/SDHD/NDUFA6/NCF2/PSMB1/PSMD12/C1QC/C1QB/C1QA/SDHB/NCF1/COX6B1/VDAC2/ATP5PB/COX5B/PSMD13/BAX/CYBB/NDUFB5/NDUFB3/PSMA1/NCF4/NDUFS3/MCU/ATP5PF/HSPA5/PSMB6/NDUFV1/NDUFB11/PPIF/COX7A2L/TUBA1A/EIF2S1/IL1B/TUBA8/ATP5PO/PSMA3/NDUFS6/COXFA4/DDIT3/NCAM1/PSMB3/RYR2/NDUFB6/ATP5MC1/NDUFB2/CSNK2A1/SDHA/MT-CO2/COX7A2/PIK3CB/NDUFA1/TUBB2A/UQCRC1/ATP5F1B/PIK3CA/ATF6B/NDUFA12/KIF5B/NDUFS2/PSMC1/MAPK1/RAC2/HSPA8/SLC25A6/CSNK2A3"
"hsa05166","Human T-cell leukemia virus 1 infection",211,0.354632110050053,1.61638068444768,0.000322315175271934,0.00570497860231323,0.00422402519172166,3812,"tags=30%, list=20%, signal=25%","CCNE1/CDKN2A/CDC20/CHEK1/E2F3/CCNB2/E2F2/MMP7/CCNA2/CHEK2/RANBP1/TBPL1/PTTG1/CCNA1/IL1R2/MAD2L1/FOSL1/CDKN2C/BUB1B/TERT/PPP3R1/E2F1/LTBR/IL2RA/FDPS/CREB3L2/CALR/SLC2A1/ICAM1/ESPL1/HLA-DOB/IL15RA/XPO1/CDK2/TNF/RAN/VAC14/ELK1/RELB/SLC25A5/ATF4/SRF/HLA-F/MYC/CCNE2/CDK4/CREB5/CRTC2/TSPO/TCF3/ADCY3/NFKB2/NRAS/CD40/CDKN2B/ADCY7/TBP/ANAPC1/PIK3CD/CCND3/IL15/TRRAP/HLA-A/VDAC3"
"hsa04146","Peroxisome",77,-0.419413966834166,-1.80060276370976,0.00033977387428729,0.00572761673798575,0.00424078670163084,3125,"tags=32%, list=16%, signal=27%","FAR1/NUDT13/SCP2/ACOX3/ABCD4/EPHX2/PEX19/AMACR/PEX7/HMGCL/ABCD3/PXMP4/ECI2/PEX11G/DDO/PEX5L/PEX12/CRAT/MPV17L/HSD17B4/PEX11A/SLC27A2/CROT/ACOX2/NUDT12"
"hsa05332","Graft-versus-host disease",34,0.560129840017795,1.86370641161021,0.000371961505705985,0.00598519877363266,0.0044315031062579,7317,"tags=85%, list=39%, signal=53%","IL1A/HLA-DOB/TNF/GZMB/HLA-F/IFNG/PRF1/FAS/CD80/HLA-A/FASLG/KLRD1/HLA-G/CD86/HLA-B/KLRC1/HLA-E/IL1B/KIR3DL2/HLA-DQA1/HLA-C/HLA-DRA/HLA-DMA/HLA-DRB1/HLA-DQB1/HLA-DQA2/HLA-DOA/HLA-DRB5/HLA-DMB"
"hsa01230","Biosynthesis of amino acids",64,0.471941112846221,1.7903113074763,0.000460433490032655,0.00708667197702435,0.0052470452639877,4763,"tags=44%, list=25%, signal=33%","PSAT1/RPIA/PHGDH/ENO1/PFKP/GAPDH/TPI1/SHMT2/GPT2/PSPH/LOC102724560/CBS/ARG2/TKT/PRPS2/PGK1/TALDO1/ASS1/BCAT1/RPE/PFKL/PKM/IDH2/PGAM1/GOT1/IDH3G/ALDOC/PYCR1"
"hsa01200","Carbon metabolism",102,0.40313953142621,1.64897633043573,0.000523504224245277,0.00772168730761784,0.00571721718583658,4875,"tags=41%, list=26%, signal=31%","PSAT1/RPIA/PHGDH/ENO1/PDHA1/PFKP/GAPDH/ME2/MDH1/TPI1/SHMT2/GPT2/ACAT2/PSPH/GPI/TKT/GCSH/PRPS2/PGK1/HK3/TALDO1/FH/MDH2/DLAT/PGD/ME1/RPE/SUCLG1/PFKL/PKM/IDH2/DLD/PGAM1/HKDC1/SDHD/GOT1/SDHB/IDH3G/ALDOC/ADH5/OGDHL/ADPGK"
"hsa05164","Influenza A",147,0.370173271170762,1.61369036585336,0.000703748155968983,0.00996507388852079,0.00737824382468533,7726,"tags=61%, list=41%, signal=36%","PRSS3/CDK6/IFNAR2/BAK1/CXCL10/KPNA2/PRKCA/BID/FDPS/IL1A/PML/ICAM1/HLA-DOB/XPO1/CYCS/TNF/SLC25A5/IFIH1/CXCL8/CPSF4L/NXT1/CDK4/CPSF4/IFNG/NXT2/MX2/HNRNPUL1/NFKBIB/ACTB/IL12A/IKBKE/FAS/IFNGR1/PIK3CD/CCND3/CCL5/MYD88/CASP3/MAP2K1/AKT3/FASLG/EIF2AK2/CASP1/STAT1/RSAD2/CIITA/BAX/TNFRSF10A/CCL2/IFNGR2/TRIM25/MX1/EIF2S1/IL1B/TMPRSS2/HLA-DQA1/ACTG1/IL18/TNFRSF10B/TNFRSF1A/RELA/MAP2K2/KPNA6/HLA-DRA/TICAM1/HLA-DMA/PIK3CB/TRAF3/PIK3CA/HLA-DRB1/STAT2/IRF3/DNAJB1/MAPK1/HLA-DQB1/SLC25A6/HLA-DQA2/HLA-DOA/KPNA5/HLA-DRB5/ADAR/HLA-DMB/RAF1/OAS2/RIGI/IKBKG/TYK2/PRKCB/RAE1"
"hsa05340","Primary immunodeficiency",33,0.5473605646377,1.80614984629689,0.00116529720684917,0.0154807003521228,0.0114620707335075,7641,"tags=91%, list=40%, signal=54%","TAP2/DCLRE1C/TAP1/ADA/UNG/ORAI1/CD40/ICOS/RFX5/RFXAP/CD8B2/JAK3/IL2RG/CIITA/TNFRSF13C/CD8B/CD79A/LCK/CD4/ZAP70/CD19/CD3D/RFXANK/CD3E/RAG1/PTPRC/CD8A/IKBKG/BTK/IL7R"
"hsa05330","Allograft rejection",33,0.547018121477999,1.8050198714682,0.00118073138278903,0.0154807003521228,0.0114620707335075,8060,"tags=91%, list=42%, signal=52%","HLA-DOB/TNF/GZMB/HLA-F/IFNG/IL12A/CD40/PRF1/FAS/CD80/HLA-A/FASLG/HLA-G/CD86/HLA-B/HLA-E/HLA-DQA1/IL10/HLA-C/HLA-DRA/HLA-DMA/HLA-DRB1/HLA-DQB1/HLA-DQA2/HLA-DOA/HLA-DRB5/HLA-DMB/CD28/HLA-DQB2/IL12B"
"hsa04657","IL-17 signaling pathway",83,0.421075207589182,1.68056806344062,0.00146483055176755,0.0185196434044898,0.01371213561617,6534,"tags=53%, list=34%, signal=35%","CXCL5/CEBPB/CCL20/CXCL1/S100A8/PTGS2/FOSL1/CXCL10/LCN2/ELAVL1/MMP1/CCL7/CXCL3/TNF/CXCL6/HSP90B1/MAPK4/CXCL8/S100A9/IFNG/HSP90AB1/IKBKE/MAPK7/MAPK14/MAPK12/CASP3/SRSF1/TRAF3IP2/MAP3K7/TNFAIP3/MAPK6/CCL2/USP25/IL17RE/TRAF4/TRAF2/IL1B/ANAPC5/RELA/CCL17/IL17RA/MMP9/HSP90AA1/TRAF3"
"hsa05170","Human immunodeficiency virus 1 infection",190,0.33862211639979,1.52736426671135,0.00169454862026183,0.0206851797094031,0.0153155211050888,7117,"tags=54%, list=37%, signal=34%","CHEK1/CCNB2/CGAS/IRAK1/APOBEC3B/TAP2/BAK1/PLCG2/CDK1/PPP3R1/CCNB1/PRKCA/BID/CALR/TAP1/CUL1/CYCS/LIMK2/TNF/GNB4/LIMK1/CDC25C/PAK3/HLA-F/MAP2K3/GNAI1/TLR2/GNAI3/NRAS/ITPR3/ELOC/FAS/APOBEC3A_B/APOBEC3A/PIK3CD/CALML5/HLA-A/TAPBP/MAPK14/MYD88/MAPK12/CASP3/MAP2K1/AKT3/CXCR4/GNG4/RAC3/FASLG/CCNB3/HLA-G/TAPBPL/PLCG1/PTK2/AP1M1/NFATC1/CFL2/HLA-B/MAP3K7/CALM2/BAX/RBX1/AP1B1/AP1S3/CFL1/AP1S1/SAMHD1/APOBEC3C/CCR5/HLA-E/ATR/TRAF2/APOBEC3F/RPS6KB2/NFATC3/TNFRSF1B/MAP2K6/TNFRSF1A/MAP2K7/RELA/GNGT2/CD247/HLA-C/MAP2K2/CD4/GNB3/PDIA3/PIK3CB/B2M/PIK3CA/CUL4A/CD3G/RNF7/CRKL/GNG7/CD3D/IRF3/MAPK1/RAC2/APOBEC3G/APOBEC3H/KRAS/GNG5/CD3E"
"hsa00052","Galactose metabolism",28,0.576541066966684,1.82573947554938,0.00177663760343145,0.0209643237204911,0.0155222022194537,3829,"tags=50%, list=20%, signal=40%","MGAM2/UGP2/LCT/PFKP/PGM1/B4GALT2/AKR1B1/HK3/AKR1B15/GALK1/PGM2/PFKL/GALT/HKDC1"
"hsa05160","Hepatitis C",133,0.370605902141939,1.58951222674881,0.0019156387993369,0.0218753591924278,0.016196742310183,4728,"tags=34%, list=25%, signal=26%","E2F3/E2F2/CLDN16/CDK6/EGFR/PPARA/CLDN10/IFNAR2/BAK1/CXCL10/YWHAQ/E2F1/CLDN23/CLDN9/CLDN1/BID/SCARB1/CYCS/CDK2/SOS1/TNF/EIF3E/MYC/CDK4/IFNG/YWHAZ/MX2/NRAS/IKBKE/CLDN2/FAS/YWHAH/YWHAG/PIK3CD/CFLAR/CASP3/MAP2K1/AKT3/FASLG/EIF2AK2/CLDN4/CLDN14/STAT1/RSAD2/BAX"
"hsa04972","Pancreatic secretion",72,-0.395136059766074,-1.68307571664326,0.00202703595773608,0.0224240852824553,0.016603024785404,1436,"tags=22%, list=8%, signal=21%","SLC9A1/KCNMA1/PLA2G2C/ADCY6/PLA2G12A/ATP1A2/ADCY5/PLA2G10/CPA3/ITPR1/ADCY9/ADCY1/RAB27B/SLC26A3/ATP1A4/CPB1"
"hsa05152","Tuberculosis",158,0.344133420905375,1.515609068976,0.00213697245469403,0.0227602050367865,0.0168518913296457,7194,"tags=52%, list=38%, signal=33%","RIPK2/IRAK1/CEBPB/CLEC7A/CEBPG/PPP3R1/BID/IL1A/SPHK1/HLA-DOB/HSPD1/LBP/CYCS/NFYA/TNF/NFYC/CLEC4E/TLR6/IFNG/TLR2/TLR1/CARD9/IL23A/CD14/IL12A/MALT1/NOS2/CTSS/KSR1/IFNGR1/LAMP2/RFX5/SRC/CALML5/RFXAP/CD209/MAPK14/MYD88/ATP6V0A4/MAPK12/CASP3/AKT3/IRAK2/STAT1/CAMK2G/ATP6V0A2/CALM2/CIITA/BAX/FCER1G/FCGR1A/SYK/ITGB2/MRC1/C3/IFNGR2/FCGR2A/LAMP1/IL1B/HLA-DQA1/IL18/CASP10/CR1/IL10/TNFRSF1A/CYP27B1/CORO1A/RELA/HLA-DRA/RAB7A/HLA-DMA/HLA-DRB1/FCGR2B/NOD2/FCGR3A/IL10RA/MAPK1/HLA-DQB1/RFXANK/HLA-DQA2/HLA-DOA/HLA-DRB5"
"hsa05014","Amyotrophic lateral sclerosis",350,0.299883566920469,1.44727179703866,0.00218600839336368,0.0227602050367865,0.0168518913296457,6622,"tags=47%, list=35%, signal=31%","NUP93/UQCRH/TUBB/PSMB2/TUBA1C/UQCRHL/ALYREF/ATP5F1C/SEH1L/TUBB6/OPTN/PPP3R1/NUP205/PSMB4/GPX7/TOMM40/DNAH17/TUBB4A/BID/NRBF2/SIGMAR1/NUP160/PSMD2/COXFA4L2/SEM1/PFN2/SRSF3/PSMD14/PSMD7/TUBA4A/NDC1/NRG4/ATP5MC3/TUBB2B/PSMC2/CYCS/NDUFS5/TANK/TNF/GRIN2B/SEC13/NUP155/NDUFA9/NUP85/ATF4/NUP62/PFN1/TUBA1B/MAP2K3/NXT1/COX5A/NDUFB9/HNRNPA3/PSMA7/SRSF7/GRIN2A/UBQLN4/PSMD11/NXT2/NUP88/PSMA4/NRG2/NUP153/CYC1/NUP37/NUP54/PSMC4/GRIN2D/WIPI2/UQCRFS1/ACTB/TOMM40L/NUP50/PSMC3/ITPR3/COX7B/NOS2/TARDBP/ADRM1/PSMA5/TUBB3/PSMD4/RAB1A/PSMB5/COX4I1/UQCRB/MAPK14/KLC3/NUP35/DNAH11/MAPK12/PSMD1/CASP3/VCP/PSMB7/PSMD8/SDHD/CHCHD10/NDUFA6/NUP107/DERL1/NCBP1/CASP1/PSMB1/PSMD12/C9orf72/SDHB/NUP188/COX6B1/ATP5PB/COX5B/PSMD13/NUP210/BAX/POM121C/NDUFB5/NRG3/HNRNPA2B1/NDUFB3/RB1CC1/PSMA1/NDUFS3/MCU/ATP5PF/HSPA5/PSMB6/NDUFV1/NDUFB11/COX7A2L/TUBA1A/EIF2S1/TRAF2/ATXN2L/TUBA8/ATP5PO/PSMA3/NDUFS6/COXFA4/TNFRSF1B/PRPH/ACTG1/NOS1/DDIT3/NUP210L/MAP2K6/DAXX/PSMB3/TNFRSF1A/NDUFB6/ATP5MC1/NEFH/POM121/NDUFB2/SDHA/MT-CO2/HAP1/COX7A2/MAP3K5/TPR/NDUFA1/DNAH2/TUBB2A/TP53/UQCRC1/ATP5F1B/HNRNPA1L3"
"hsa05204","Chemical carcinogenesis - DNA adducts",37,-0.495803202707732,-1.83999603365545,0.00234396064879738,0.0230489463798409,0.0170656784079107,1521,"tags=38%, list=8%, signal=35%","UGT2B17/GSTM5/HPGDS/NAT2/SULT1A2/GSTM2/SULT1A1/UGT2B28/UGT2B11/CYP2A7/GSTM3/UGT2B15/CYP2A6/NAT1"
"hsa04927","Cortisol synthesis and secretion",52,-0.437712698336528,-1.72843479602149,0.00228575782684938,0.0230489463798409,0.0170656784079107,979,"tags=25%, list=5%, signal=24%","ADCY6/CREB3L1/PBX1/CACNA1F/CYP21A2/ADCY5/CREB3L4/ITPR1/ADCY9/ADCY1/CACNA1D/CACNA1H/AGTR1"
"hsa04340","Hedgehog signaling pathway",50,-0.430214847779547,-1.70445118901187,0.0024552833181334,0.023338353108762,0.0172799581447569,3531,"tags=44%, list=19%, signal=36%","IQCE/EVC/MGRN1/GLI1/DHH/CSNK1G1/PRKACB/CDON/CSNK1A1/MOSMO/LRP2/ARRB1/CSNK1G3/CCND1/KIF3A/SPOP/BTRC/GLI3/BCL2/SPOPL/HHAT/SCUBE2"
"hsa05235","PD-L1 expression and PD-1 checkpoint pathway in cancer",85,0.399854732411693,1.59620715498749,0.00250524694387841,0.023338353108762,0.0172799581447569,7404,"tags=61%, list=39%, signal=38%","EML4/EGFR/PPP3R1/CSNK2A2/NFKBIE/ALK/MAP2K3/IFNG/TLR2/BATF2/NFKBIB/CD274/PRKCQ/BATF3/NRAS/IFNGR1/PIK3CD/CSNK2B/MAPK14/MYD88/HIF1A/MAPK12/MAP2K1/AKT3/PLCG1/NFATC1/STAT1/PDCD1/IFNGR2/RPS6KB2/NFATC3/LCK/MAP2K6/RELA/CD247/MAP2K2/CSNK2A1/CD4/TICAM1/PIK3CB/PIK3CA/CD3G/ZAP70/CD3D/MAPK1/CSNK2A3/KRAS/CD3E/PTPN11/MTOR/RAF1/HRAS"
"hsa03410","Base excision repair",44,0.488870318172855,1.73367008831022,0.00275661435389682,0.0250215764430635,0.0185262341193066,4856,"tags=52%, list=26%, signal=39%","RFC4/RFC2/NEIL3/FEN1/POLD1/RFC3/PCNA/UNG/ADPRS/POLE2/POLE3/RFC5/TDG/MBD4/POLE/PARP2/HMGB1/POLD2/TDP1/POLD3/MUTYH/POLG/PARP1"
"hsa04519","Cadherin signaling",345,0.291182638238537,1.39879434941865,0.00295074423091642,0.0261140864436103,0.0193351398288997,4263,"tags=28%, list=22%, signal=22%","FZD9/KRT16/GABRP/DSC2/ACTR3B/WNT6/KRT83/MRAS/DCHS2/CDH3/KRT86/KRT79/KRT6B/CDH19/TCF7L1/PPP1CB/DSG1/PCDH8/TMC1/PKP1/EGFR/KRT81/DSG3/YWHAQ/TEAD4/KRT6C/PCDHB9/DSC3/ARPC5/CIB2/WNT10A/ACTR3/FZD7/MET/MYO1H/KRT6A/WWTR1/KRT5/KRT23/KRT17/ACTN4/RRAS2/FAT1/GABRE/LRP6/TMIE/KRT14/DVL3/MAP2K3/USH1C/MYO1E/ARPC5L/RYK/CDH4/PRICKLE1/DSG2/ARPC2/YWHAZ/WNT5B/WASF1/NF2/ACTB/ROCK2/CDH24/PCDHB10/VANGL2/NRAS/USH1G/TCF7L2/GABRG3/ACTN1/FAT2/ACTR2/YWHAH/TEAD3/PCDHB6/FZD5/ARPC1A/KRT75/YWHAG/SCN5A/ARPC1B/CDH26/VIM/APH1A/MOB1A/MAPK14/MAPK12/MAP2K1/WNT10B/TEAD2/STK3/RAC3/FZD6/KRT4/KRT7/PTK2/AMOTL1"
"hsa00310","Lysine degradation",61,0.4395496379658,1.65085590218412,0.00358124851750156,0.0309210237852573,0.0228942459783796,3807,"tags=33%, list=20%, signal=26%","SUV39H2/PLOD1/EZH2/COLGALT1/PLOD3/AADAT/BBOX1/DHTKD1/SUV39H1/ACAT2/SMYD2/CAMKMT/KMT5A/KMT2B/ALDH1B1/PLOD2/EHMT2/NSD2/COLGALT2/DLD"
"hsa03460","Fanconi anemia pathway",49,0.462785576380398,1.66818664685992,0.00374481393637004,0.0315634317494047,0.0233698914826101,2658,"tags=33%, list=14%, signal=28%","FANCE/FANCA/FANCB/USP1/BLM/UBE2T/RAD51/FANCC/FANCD2/BRCA2/FANCI/RPA1/POLH/RMI2/FANCG/EME1"
"hsa04923","Regulation of lipolysis in adipocytes",48,-0.413969921832853,-1.62623291152835,0.00416791775063538,0.0343126252029052,0.0254054227639708,3285,"tags=40%, list=17%, signal=33%","CIDEC/CGA/PRKG1/AQP7/PLIN1/ADCY4/PRKACB/LIPE/MGLL/PLAAT3/PNPLA2/ADCY6/PLAAT2/NPY1R/IRS1/ADCY5/ADCY9/ADCY1/PTGER3"
"hsa00982","Drug metabolism - cytochrome P450",42,-0.447801707397032,-1.71327975695909,0.00479562859931467,0.0385830119126681,0.0285672612734295,4352,"tags=52%, list=23%, signal=40%","CYP2E1/ADH1B/GSTM1/CYP3A5/CYP2C8/ADH1C/GSTM4/GSTO2/MGST2/ALDH3B2/MAOA/UGT2B17/GSTM5/HPGDS/GSTM2/UGT2B28/UGT2B11/FMO5/CYP2A7/GSTM3/UGT2B15/CYP2A6"
"hsa05130","Pathogenic Escherichia coli infection",189,0.325919249654384,1.46987454820437,0.00530248417601522,0.0417128755179864,0.0308846446743343,4885,"tags=35%, list=26%, signal=26%","ACTR3B/NCK2/TUBB/CLDN16/IRAK1/MYO10/NCK1/TUBA1C/GAPDH/CLDN10/TUBB6/BAK1/ARPC5/ACTR3/CLDN23/CLDN9/CLDN1/TUBB4A/NCL/ABI1/MYO1H/TUBA4A/WIPF3/TUBB2B/CYCS/TNF/PAK3/TUBA1B/CXCL8/ABCF2/BAIAP2L1/MYO1E/ARPC5L/LPAR2/ARPC2/WASF1/ARHGEF2/NFKBIB/ACTB/ROCK2/CLDN2/WASF3/ACTR2/FAS/ARPC1A/FYN/TUBB3/ARPC1B/RAB1A/CYTH1/SRC/MAPK14/MYD88/MAPK12/CASP3/FASLG/CASP1/CLDN4/CLDN14/NCKAP1/MAP3K7/ACTR3C/BAX/ARF1/MYH9/TNFRSF10A"
"hsa04066","HIF-1 signaling pathway",101,0.376399580818782,1.53781200941568,0.00551182092612551,0.0424170566923572,0.0314060277026374,4925,"tags=40%, list=26%, signal=29%","LDHB/ENO1/PDHA1/PDK1/PFKP/GAPDH/EGFR/PLCG2/LTBR/PRKCA/ANGPT1/TF/SLC2A1/CUL2/EIF4EBP1/PGK1/HK3/VEGFA/IFNG/TFRC/ELOC/NOS2/IFNGR1/PIK3CD/PFKL/HKDC1/HIF1A/EDN1/MAP2K1/AKT3/LDHA/PLCG1/EIF4E2/CAMK2G/EGLN1/ALDOC/CYBB/RBX1/IL6R/RPS6"
"hsa00270","Cysteine and methionine metabolism",50,0.459760055846522,1.66403051759945,0.00627276217933101,0.0469563179757239,0.0347669437286805,4102,"tags=44%, list=22%, signal=35%","PSAT1/PHGDH/LDHB/AMD1/DNMT3B/DNMT3A/MDH1/DNMT1/MTAP/SRM/LOC102724560/CBS/IL4I1/CISD1/BCAT1/ADI1/MDH2/GCLM/MPST/SMS/LDHA/GOT1"
"hsa05203","Viral carcinogenesis",180,0.329818516376488,1.47210121633121,0.00636695836958967,0.0469563179757239,0.0347669437286805,5583,"tags=37%, list=29%, signal=26%","CCNE1/SKP2/CDKN2A/CDC20/CHEK1/CCNA2/HDAC2/RANBP1/LYN/TBPL1/CDK6/CCNA1/RBL1/BAK1/YWHAQ/CDK1/LTBR/CREB3L2/ACTN4/CDK2/VAC14/ATF4/SRF/HLA-F/CCNE2/CDK4/H2BC11/CREB5/YWHAZ/NFKB2/GTF2E2/RASA2/NRAS/SND1/CDKN2B/ACTN1/TBP/YWHAH/YWHAG/PIK3CD/CCND3/SCRIB/SRC/PKM/HLA-A/VDAC3/CASP3/HLA-G/EIF2AK2/TRAF1/JAK3/HDAC1/MAD1L1/HLA-B/BAX/SYK/YWHAE/C3/DLG1/HDAC9/GTF2B/CCR5/HLA-E/HDAC4/GTF2A2/TRAF2"
"hsa05140","Leishmaniasis",72,0.398751161679351,1.55053579014087,0.00663801630424323,0.0476851524273257,0.0353065802985552,8060,"tags=68%, list=42%, signal=39%","IRAK1/PTGS2/IL1A/HLA-DOB/TNF/ELK1/IFNG/TLR2/NFKBIB/IL12A/NOS2/IFNGR1/CYBA/MAPK14/MYD88/MAPK12/MARCKSL1/NCF2/NCF1/STAT1/MAP3K7/CYBB/FCGR1A/NCF4/ITGB2/C3/IFNGR2/FCGR2A/IL1B/HLA-DQA1/CR1/IL10/RELA/HLA-DRA/HLA-DMA/HLA-DRB1/FCGR3A/MAPK1/HLA-DQB1/HLA-DQA2/HLA-DOA/HLA-DRB5/HLA-DMB/ITGB1/PRKCB/TGFB2/TAB2/HLA-DQB2/IL12B"
"hsa04060","Cytokine-cytokine receptor interaction",230,0.303365624476521,1.39489799822839,0.00673519102080872,0.0476851524273257,0.0353065802985552,6336,"tags=47%, list=33%, signal=32%","IL12RB2/CXCL5/GDF5/IL34/CCL20/CXCL1/IL1R2/IL20RB/IFNAR2/TNFRSF21/CXCL16/CXCL10/BMP2/LTBR/IL27RA/IL2RA/IL1A/IL1RL2/TNFSF13B/CCL8/CCL7/EDAR/CXCL3/IL15RA/TNFRSF11A/IL32/CCL18/BMP6/TNF/CXCL6/CX3CL1/CCL13/CXCL11/CXCL8/MPL/RELT/IFNG/CD70/TNFRSF10D/IL22RA1/CCR1/TNFSF9/IL23A/LIF/IL12A/IL1RAP/CD40/CCL26/IL31RA/IL12RB1/CSF2RB/FAS/TNFRSF9/IFNGR1/IL15/CCL5/NGF/CCL24/TNFRSF8/IL21R/CXCR6/IL18R1/CCL4/CXCR4/FASLG/CSF2RA/BMP7/NODAL/IL7/BMP5/TNFSF14/TNFSF15/IL18RAP/IL2RG/IFNLR1/LTB/CXCL9/OSM/IL6R/TNFRSF10A/IL27/TNFRSF13C/TNFRSF17/LTA/CCL2/CXCL17/XCL1/IL17RE/IFNGR2/CCR5/CNTFR/IL1B/TNFRSF12A/IL13RA2/TNFRSF1B/IL18/TNFRSF10B/IL10/TNFRSF4/TNFRSF1A/IL11/CCL17/OSMR/IL17RA/TSLP/GDF7/CD4/XCL2/CCR3"
"hsa03018","RNA degradation",75,0.405532785189144,1.58129271566706,0.00689649042653475,0.0478697570783,0.0354432634924077,3804,"tags=35%, list=20%, signal=28%","BTG3/ENO1/TENT4A/PFKP/PNPT1/LSM2/CNOT9/LSM6/PATL1/PABPC4/PABPC4L/PABPC1/DCPS/HSPD1/PABPC3/EXOSC2/PNLDC1/EXOSC9/EXOSC8/DHX36/LSM4/EXOSC4/MPHOSPH6/PFKL/EXOSC5/ZCCHC7"
